{"cameraMode":{"drawMode":0,"name":"Shaded","section":"Shading Mode"},"sceneLighting":true,"audioPlay":false,"sceneViewState":{"showFog":true,"showMaterialUpdate":true,"showSkybox":true,"showFlares":true,"showImageEffects":true,"showParticleSystems":true},"in2DMode":false,"pivot":{"x":1715.213134765625,"y":-827.1393432617188,"z":-620.8028564453125},"rotation":{"x":-0.12244056165218353,"y":-0.7997884154319763,"z":0.17450881004333497,"w":-0.5611537098884583},"size":2043.986572265625,"orthographic":false}