{"cameraMode":{"drawMode":0,"name":"Shaded","section":"Shading Mode"},"sceneLighting":true,"audioPlay":false,"sceneViewState":{"showFog":true,"showMaterialUpdate":true,"showSkybox":true,"showFlares":true,"showImageEffects":true,"showParticleSystems":true},"in2DMode":false,"pivot":{"x":255.84913635253907,"y":-1883.2930908203125,"z":-899.3809814453125},"rotation":{"x":0.07642147690057755,"y":0.8385274410247803,"z":-0.5255113840103149,"w":0.12194035202264786},"size":2140.300048828125,"orthographic":false}